<?xml version="1.0" encoding="UTF-8" standalone="yes"?>
<addon id="plugin.audio.tidal2" name="TIDAL2" version="2.0.0-beta11" provider-name="arneson">
  <requires>
    <import addon="xbmc.python" version="2.20.0"/>
    <import addon="script.module.requests" version="2.3.0"/>
    <import addon="script.module.routing" version="0.1.0"/>
    <import addon="script.module.unidecode" version="0.4.16"/>
  </requires>
  <extension point="xbmc.python.pluginsource" library="addon.py">
    <provides>audio</provides>
  </extension>
  <extension point="xbmc.python.module" library="lib"/>
  <extension point="xbmc.addon.metadata">
    <summary lang="en">Extended version of the TIDAL music add-on</summary>
    <summary lang="de">Erweiterte Version des TIDAL Music-Addons</summary>
    <description lang="en">Play music and video from TIDAL music streaming service.

Requires subscription. Visit tidal.com for details.</description>
    <description lang="de">Spielt Music und Videos vom Streaming-Dienst TIDAL.

Es wird ein Abbonement benötigt. Siehe tidal.com für Details.</description>
    <disclaimer lang="en">This is an unofficial client and is not supported nor endorsed by TIDAL.</disclaimer>
    <disclaimer lang="de">Dies ist eine inoffizieller Client, der von TIDAL nicht unterstützt wird.</disclaimer>
    <license>GNU GENERAL PUBLIC LICENSE. Version 3, 29 June 2007</license>
    <platform>all</platform>
    <forum>http://forum.xbmc.org/showthread.php?tid=200555</forum>
    <source>https://github.com/arnesongit/plugin.audio.tidal2</source>
    <news>
v2.0.0-beta11 (2017-02-17)
- Fixes in ALbum Playlist handling:
  - Add first available track into Album Playlist and not with album_id + 1
  - Sorting Playlist by Artist, Year, Title when Album Playlist is copied into a new Playlist
- Prevent update of the Favorites cache file if Favorites are unchanged
- Fixed problem with Recommended Tracks/Videos and Track/Artist Radio
- Changes for Krypton:
  - Set ListItem.UserRating with TIDAL Rating
  - Set "mediatype" in ListItems for artists/albums/songs/musicvideos

v2.0.0-beta10 (2017-01-30)
- Now shows an Error Message if login fails
- Added Page-Mode for Playlist-Item View
- Increased max. page size from 999 to 9999
- Bugfix: MQA Label extension was missing in Favorite Tracks
- Emulation of "User Album Playlists":
  a) Shows Album List instead of Tracks if Playlist description contains the keyword ALBUM
  b) "Default Album Playlist" can be set for Plugin function "user_playlist_toggle"
  c) Shows User Album Playlist Name in Album Label
  d) New Context Menu Entries for Album Items to Add/Remove Albums to/from Album Playlists
  e) Every Playlist can be opend as "Album Playlist" with a new Context Menu Entry
    </news>
    <assets>
      <icon>resources/icon.png</icon>
      <fanart>resources/fanart.jpg</fanart>
      <screenshot>resources/screenshot000.jpg</screenshot>
      <screenshot>resources/screenshot001.jpg</screenshot>
      <screenshot>resources/screenshot002.jpg</screenshot>
      <screenshot>resources/screenshot003.jpg</screenshot>
      <screenshot>resources/screenshot004.jpg</screenshot>
      <screenshot>resources/screenshot005.jpg</screenshot>
    </assets>
  </extension>
</addon>
