<?xml version="1.0" encoding="UTF-8" standalone="yes"?>
<addon id="script.change.sysvolume" name="System Volume Changer" version="0.1.0" provider-name="arneson">
  <requires>
    <import addon="xbmc.python" version="2.14.0"/>
    <import addon="script.module.unidecode" version="0.4.16"/>
  </requires>
  <extension point="xbmc.python.script" library="addon.py" />
  <extension point="xbmc.addon.metadata">
    <platform>linux osx</platform>
    <summary lang="en">Script Routines to change the System Volume on Linux/macOS</summary>
    <summary lang="de">Script-Routinen zum Ändern der Systemlautstärke unter Linux/macOS</summary>
    <description lang="en">Use RunScript(script.module.sysvolume/up) or RunScript(script.module.sysvolume/down) to change System Volume.</description>
    <description lang="de">Benutze RunScript(script.module.sysvolume/up) oder RunScript(script.module.sysvolume/down) um die Lautstärke zu ändern.</description>
    <disclaimer lang="en">Requires ALSA sound driver on Linux</disclaimer>
    <disclaimer lang="de">Verwendet den ALSA-Treiber unter Linux</disclaimer>
    <license>GNU GENERAL PUBLIC LICENSE. Version 3, 29 June 2007</license>
    <forum></forum>
    <source>https://github.com/arnesongit/script.module.sysvolume</source>
    <news>
v0.1.0 (2017-02-12)
- Initial Release.
    </news>
    <assets>
      <icon>resources/icon.png</icon>
      <fanart>resources/fanart.jpg</fanart>
    </assets>
  </extension>
</addon>
