<?xml version="1.0" encoding="UTF-8" standalone="yes"?>
<addon id="context.item.tidal2" name="TIDAL2 Search" version="0.1.6" provider-name="arneson">
  <requires>
    <import addon="xbmc.python" version="2.20.0"/>
    <import addon="script.module.requests" version="2.3.0"/>
    <import addon="script.module.routing" version="0.1.0"/>
    <import addon="script.module.unidecode" version="0.4.16"/>
    <import addon="plugin.audio.tidal2" version="2.0.0-beta11"/>
  </requires>
  <extension point="kodi.context.item" library="context.py">
    <item>
      <label>30001</label>
      <visible>true</visible>
    </item>
  </extension>
  <extension point="xbmc.python.pluginsource" library="addon.py"/>
  <extension point="xbmc.python.module" library="resources/lib"/>
  <extension point="xbmc.addon.metadata">
    <platform>all</platform>
    <summary lang="en">Context menu to search TIDAL content.</summary>
    <summary lang="de">Kontext-Menü für TIDAL-Suche.</summary>
    <description lang="en">Needs TIDAL2 Addon installed and activated.</description>
    <description lang="de">Benötigt das Addon TIDAL2.</description>
    <disclaimer lang="en">This is an unofficial client and is not supported nor endorsed by TIDAL.</disclaimer>
    <disclaimer lang="de">Dies ist eine inoffizieller Client, der von TIDAL nicht unterstützt wird.</disclaimer>
    <license>GNU GENERAL PUBLIC LICENSE. Version 3, 29 June 2007</license>
    <forum></forum>
    <source>https://github.com/arnesongit/context.item.tidal2</source>
    <news>
v0.1.6 (2017-02-27)
- New context menu function "Search for Artist News ..." for Favorite Artists.
  This function searchs for new Albums, Tracks and Videos for your Favorite Artists
  and inserts all new items into Playlists.
- Moved lib folder into resources for new Krypton Addon file structure

v0.1.5 (2017-02-17)
- Update for TIDAL2 v2.0.0-beta11
- Added function to delete all Favorites
    </news>
    <assets>
      <icon>resources/icon.png</icon>
      <fanart>resources/fanart.jpg</fanart>
    </assets>
  </extension>
</addon>
