<?xml version="1.0" encoding="UTF-8" standalone="yes"?>
<addon id="plugin.audio.tidal2" name="TIDAL2" version="2.0.0-beta9" provider-name="arneson">
  <requires>
    <import addon="xbmc.python" version="2.20.0"/>
    <import addon="script.module.requests" version="2.3.0"/>
    <import addon="script.module.routing" version="0.1.0"/>
    <import addon="script.module.unidecode" version="0.4.16"/>
  </requires>
  <extension point="xbmc.python.pluginsource" library="addon.py">
    <provides>audio</provides>
  </extension>
  <extension point="xbmc.python.module" library="lib"/>
  <extension point="xbmc.addon.metadata">
    <summary lang="en">Extended version of the TIDAL music add-on</summary>
    <summary lang="de">Erweiterte Version des TIDAL Music-Addons</summary>
    <description lang="en">Play music and video from TIDAL music streaming service.

Requires subscription. Visit tidal.com for details.</description>
    <description lang="de">Spielt Music und Videos vom Streaming-Dienst TIDAL.

Es wird ein Abbonement benötigt. Siehe tidal.com für Details.</description>
    <disclaimer lang="en">This is an unofficial client and is not supported nor endorsed by TIDAL.</disclaimer>
    <disclaimer lang="de">Dies ist eine inoffizieller Client, der von TIDAL nicht unterstützt wird.</disclaimer>
    <license>GNU GENERAL PUBLIC LICENSE. Version 3, 29 June 2007</license>
    <platform>all</platform>
    <forum>http://forum.xbmc.org/showthread.php?tid=200555</forum>
    <source>https://github.com/arnesongit/plugin.audio.tidal2</source>
    <news>
v2.0.0-beta9 (2017-01-21)
- Page mode for Master Albums folder
- Set MQA in blue color into Labels of Master Albums and Tracks
- Keep Username for next login if password is not saved into settings

v2.0.0-beta8 (2017-01-18)
- Support for Master Quality Audio (MQA)
- Support for Apple Lossless Audio (ALAC)
- Added RTMP Streaming for HIGH/LOW Quality
- Added "Master Albums" folder to the "What's New" folder
- Add "(MQA)" to Labels of Master Albums
- Playing Edited Tracks (new in TIDAL iOS App)
    </news>
    <assets>
      <icon>resources/icon.png</icon>
      <fanart>resources/fanart.jpg</fanart>
      <screenshot>resources/screenshot000.jpg</screenshot>
      <screenshot>resources/screenshot001.jpg</screenshot>
      <screenshot>resources/screenshot002.jpg</screenshot>
      <screenshot>resources/screenshot003.jpg</screenshot>
      <screenshot>resources/screenshot004.jpg</screenshot>
      <screenshot>resources/screenshot005.jpg</screenshot>
    </assets>
  </extension>
</addon>
