<?xml version="1.0" encoding="UTF-8" standalone="yes"?>
<addon id="context.item.tidal2" name="TIDAL2 Search" version="0.1.12" provider-name="arneson">
  <requires>
    <import addon="xbmc.python" version="2.20.0"/>
    <import addon="script.module.requests" version="2.3.0"/>
    <import addon="script.module.routing" version="0.1.0"/>
    <import addon="script.module.unidecode" version="0.4.16"/>
    <import addon="plugin.audio.tidal2" version="2.0.0-beta13"/>
  </requires>
  <extension point="kodi.context.item" library="context.py">
    <item>
      <label>30001</label>
      <visible>true</visible>
    </item>
  </extension>
  <extension point="xbmc.python.pluginsource" library="addon.py"/>
  <extension point="xbmc.python.module" library="resources/lib"/>
  <extension point="xbmc.addon.metadata">
    <platform>all</platform>
    <summary lang="en">Context menu to search TIDAL content.</summary>
    <summary lang="de">Kontext-Menü für TIDAL-Suche.</summary>
    <description lang="en">Needs TIDAL2 Addon installed and activated.</description>
    <description lang="de">Benötigt das Addon TIDAL2.</description>
    <disclaimer lang="en">This is an unofficial client and is not supported nor endorsed by TIDAL.</disclaimer>
    <disclaimer lang="de">Dies ist eine inoffizieller Client, der von TIDAL nicht unterstützt wird.</disclaimer>
    <license>GNU GENERAL PUBLIC LICENSE. Version 3, 29 June 2007</license>
    <forum></forum>
    <source>https://github.com/arnesongit/context.item.tidal2</source>
    <news>
v0.1.12 (2018-12-31)
- First Changes für Kodi 18.x compatibility:
  - BusyDialog is not allowed anymore, using DialogProgress instead
  - xbmc.abortRequested is depricated, now using xbmc.Monitor().waitForAbort()
  - Removed '%s' from any line in strings.xml
    </news>
    <assets>
      <icon>resources/icon.png</icon>
      <fanart>resources/fanart.jpg</fanart>
    </assets>
  </extension>
</addon>
